0	1	2	3	4	5
chr1	4360014	4360364	Rp1_2	1	-
chr1	4493357	4493707	Sox17_1	1	-
chr1	4497120	4497470	Sox17_2	1	-
chr1	4785458	4785808	Mrpl15_1	1	-
chr1	4807644	4807994	Lypla1_1	1	+
chr1	5588219	5588569	Oprk1_1	1	+
chr1	5917207	5917557	Npbwr1_1	1	-
chr1	6359036	6359386	Alkal1_1	1	+
chr1	6507587	6507937	St18_2	1	+
chr1	7088733	7089083	Pcmtd1_1	1	+
chr1	7088918	7089268	Pcmtd1_2	1	+
chr1	7397695	7398045	AK043789_1	1	-
chr1	9299626	9299976	Sntg1_1	1	-
chr1	9545186	9545536	Rrs1_1	1	+
chr1	9600972	9601322	3110035E14Rik_1	1	+
chr1	9601248	9601598	3110035E14Rik_2	1	+
chr1	9699932	9700282	Mybl1_1	1	-
chr1	9748002	9748352	Vcpip1_2	1	-
chr1	9748144	9748494	Vcpip1_1	1	-
chr1	9848070	9848420	Sgk3_2	1	+
chr1	9942293	9942643	Snord87_1	1	-
chr1	9943867	9944217	Snhg6_1	1	-
chr1	10008855	10009205	Ppp1r42_1	1	-
chr1	10037966	10038316	Cspp1_1	1	+
chr1	10039587	10039937	Cspp1_2	1	+
chr1	10216312	10216662	Arfgef1_1	1	-
chr1	10719654	10720004	Cpa6_1	1	-
chr1	11413854	11414204	A830018L16Rik_1	1	+
chr1	12718253	12718603	Sulf1_1	1	+
chr1	12990894	12991244	Slco5a1_1	1	-
chr1	13372191	13372541	Ncoa2_2	1	-
chr1	13373793	13374143	Ncoa2_1	1	-
chr1	13660269	13660619	Lactb2_1	1	-
chr1	13668508	13668858	Xkr9_1	1	+
chr1	14304381	14304731	Eya1_1	1	-
chr1	14755741	14756091	Msc_1	1	-
chr1	15805404	15805754	Terf1_1	1	+
chr1	15892451	15892801	Sbspon_1	1	-
chr1	16092859	16093209	4930444P10Rik_2	1	-
chr1	16105613	16105963	Rdh10_1	1	+
chr1	16619038	16619388	Ube2w_1	1	-
chr1	16656791	16657141	Eloc_1	1	-
chr1	17097596	17097946	Jph1_1	1	-
chr1	17601650	17602000	Pi15_1	1	+
chr1	17727166	17727516	Crispld1_1	1	+
chr1	18145651	18146001	Crisp4_1	1	-
chr1	18223323	18223673	Defb44-ps_1	1	-
chr1	18237225	18237575	Defb18_1	1	-
chr1	18264887	18265237	Defb41_1	1	-
chr1	19102785	19103135	Tfap2d_1	1	+
chr1	19211717	19212067	Tfap2b_1	1	+
chr1	20678806	20679156	Mir133b_1	1	+
chr1	20730654	20731004	Il17a_1	1	+
chr1	20784016	20784366	Il17f_1	1	-
chr1	20820009	20820359	Mcm3_1	1	-
chr1	20890236	20890586	6720483E21Rik_1	1	-
chr1	20890378	20890728	Paqr8_1	1	+
chr1	20917595	20917945	Paqr8_3	1	+
chr1	20951367	20951717	Efhc1_1	1	+
chr1	21078974	21079324	Tram2_1	1	-
chr1	21240362	21240712	Gsta3_1	1	+
chr1	21297990	21298340	Gm4956_1	1	-
chr1	21349352	21349702	Khdc1a_1	1	+
chr1	21368026	21368376	Khdc1c_1	1	+
chr1	21368342	21368692	Khdc1c_2	1	+
chr1	21383241	21383591	Khdc1b_1	1	+
chr1	22315610	22315960	Rims1_1	1	-
chr1	22509106	22509456	Rims1_2	1	-
chr1	23102002	23102352	4933415F23Rik_1	1	-
chr1	23382940	23383290	Ogfrl1_1	1	-
chr1	23922059	23922409	Smap1_1	1	-
chr1	24005381	24005731	Sdhaf4_1	1	-
chr1	24100002	24100352	Fam135a_1	1	-
chr1	24177445	24177795	Col9a1_2	1	+
chr1	24194992	24195342	Col9a1_1	1	+
chr1	24587168	24587518	Col19a1_1	1	-
chr1	24614065	24614415	BC069931_2	1	-
chr1	24614559	24614909	BC069931_1	1	-
chr1	24678323	24678673	Lmbrd1_2	1	+
chr1	24678487	24678837	Lmbrd1_1	1	+
chr1	25829398	25829748	Adgrb3_1	1	-
chr1	26687209	26687559	4931408C20Rik_1	1	-
chr1	28780001	28780351	Gm597_1	1	-
chr1	30873650	30874000	Phf3_1	1	-
chr1	30949506	30949856	Ptp4a1_1	1	-
chr1	31176158	31176508	Lgsn_1	1	+
chr1	31222360	31222710	4931428L18Rik_1	1	-
chr1	31222625	31222975	Pih1d3_1	1	+
chr1	32172505	32172855	Khdrbs2_1	1	+
chr1	32547042	32547392	Gm5415_1	1	-
chr1	33719660	33720010	Rab23_1	1	+
chr1	33757476	33757826	Bag2_1	1	-
chr1	33814283	33814633	Zfp451_1	1	-
chr1	33838761	33839111	Gm15455_1	1	-
chr1	33907508	33907858	Bend6_1	1	-
chr1	33907928	33908278	Dst_3	1	+
chr1	34005644	34005994	Dst_1	1	+
chr1	34160009	34160359	Dst_2	1	+
chr1	34215056	34215406	Dst_4	1	+
chr1	34433036	34433386	Mir5103_1	1	-
chr1	34439102	34439452	Ccdc115_1	1	-
chr1	34439433	34439783	Ccdc115_2	1	-
chr1	34439650	34440000	Imp4_1	1	+
chr1	34459546	34459896	Ptpn18_2	1	+
chr1	34472485	34472835	Ptpn18_1	1	+
chr1	34535380	34535730	Cfc1_1	1	+
chr1	34560700	34561050	Prss40_1	1	-
chr1	34579460	34579810	Amer3_1	1	+
chr1	34677937	34678287	AK082264_1	1	+
chr1	34801490	34801840	Arhgef4_1	1	+
chr1	34839551	34839901	Fam168b_2	1	-
chr1	36068130	36068480	Hs6st1_1	1	+
chr1	36244021	36244371	Uggt1_1	1	-
chr1	36273184	36273534	Neurl3_1	1	-
chr1	36307503	36307853	Arid5a_1	1	+
chr1	36371952	36372302	Fer1l5_2	1	+
chr1	36445006	36445356	Lman2l_1	1	-
chr1	36471346	36471696	Cnnm4_1	1	+
chr1	36511625	36511975	Cnnm3_1	1	+
chr1	36535479	36535829	Ankrd23_1	1	-
chr1	36546950	36547300	Ankrd39_1	1	-
chr1	36557272	36557622	Sema4c_1	1	-
chr1	36558110	36558460	Sema4c_2	1	-
chr1	36592986	36593336	Fam178b_2	1	-
chr1	36682888	36683238	Fam178b_1	1	-
chr1	36691311	36691661	Cox5b_1	1	+
chr1	36709688	36710038	Actr1b_1	1	-
chr1	36939362	36939712	Tmem131_1	1	-
chr1	37029082	37029432	Vwa3b_1	1	+
chr1	37218945	37219295	Cnga3_1	1	+
chr1	37299648	37299998	AK051424_1	1	+
chr1	37429800	37430150	Coa5_1	1	-
chr1	37429933	37430283	Unc50_1	1	+
chr1	37488351	37488701	4930594C11Rik_1	1	-
chr1	37540736	37541086	Mgat4a_1	1	-
chr1	37864556	37864906	Tsga10_1	1	-
chr1	37864823	37865173	Tsga10_2	1	-
chr1	37871968	37872318	Lipt1_1	1	+
chr1	37916242	37916592	Lyg2_1	1	-
chr1	37957508	37957858	Lyg1_1	1	-
chr1	37996954	37997304	Txndc9_1	1	-
chr1	37997730	37998080	Eif5b_2	1	+
chr1	37997873	37998223	Eif5b_1	1	+
chr1	38129415	38129765	Rev1_1	1	-
chr1	38664704	38665054	Aff3_1	1	-
chr1	38897902	38898252	Chst10_1	1	-
chr1	38987563	38987913	Pdcl3_1	1	+
chr1	39193999	39194349	Npas2_1	1	+
chr1	39367660	39368010	Rpl31_1	1	+
chr1	39478493	39478843	Tbc1d8_1	1	-
chr1	39535571	39535921	Cnot11_1	1	+
chr1	39577101	39577451	Rnf149_1	1	-
chr1	39720757	39721107	Rfx8_1	1	-
chr1	39805065	39805415	Gm3646_1	1	-
chr1	39847079	39847429	1700066B17Rik_1	1	-
chr1	39900689	39901039	Map4k4_1	1	+
chr1	40084491	40084841	Il1r2_1	1	+
chr1	40085595	40085945	Gm16894_1	1	-
chr1	40224861	40225211	Il1r1_2	1	+
chr1	40266370	40266720	Il1r1_1	1	+
chr1	40324345	40324695	Il1rl2_1	1	+
chr1	40429325	40429675	Il1rl1_1	1	+
chr1	40439525	40439875	Il1rl1_2	1	+
chr1	40580251	40580601	Slc9a4_1	1	+
chr1	40681424	40681774	Slc9a2_1	1	+
chr1	40790406	40790756	Mfsd9_1	1	-
chr1	40805369	40805719	Tmem182_1	1	+
chr1	42667407	42667757	Pantr1_2	1	-
chr1	42692877	42693227	Pantr1_1	1	-
chr1	42696799	42697149	Pou3f3_1	1	+
chr1	42851025	42851375	Mrps9_1	1	+
chr1	43092203	43092553	Tgfbrap1_1	1	-
chr1	43098469	43098819	AI597479_1	1	+
chr1	43163683	43164033	Fhl2_1	1	-
chr1	43188858	43189208	Rpl29-1_1	1	+
chr1	43446967	43447317	Nck2_2	1	+
chr1	43730592	43730942	1500015O10Rik_2	1	+
chr1	43827511	43827861	Uxs1_1	1	-
chr1	43933800	43934150	Tpp2_1	1	+
chr1	44019684	44020034	Mettl21c_1	1	-
chr1	44102137	44102487	Tex30_1	1	-
chr1	44147665	44148015	Ercc5_1	1	+
chr1	44218680	44219030	Mettl21e_1	1	-
chr1	44551442	44551792	Gulp1_1	1	+
chr1	45311380	45311730	Col3a1_1	1	+
chr1	45502812	45503162	Col5a2_1	1	-
chr1	45795250	45795600	Wdr75_1	1	+
chr1	46030204	46030554	Stk-ps2_1	1	-
chr1	46425256	46425606	Dnah7c_1	1	+
chr1	50927285	50927635	Tmeff2_1	1	+
chr1	51288884	51289234	Cavin2_1	1	+
chr1	51289005	51289355	Cavin2_2	1	+
chr1	51478148	51478498	Nabp1_1	1	-
chr1	51986876	51987226	Stat4_2	1	+
chr1	52007977	52008327	Stat4_3	1	+
chr1	52008421	52008771	Stat4_1	1	+
chr1	52119239	52119589	Stat1_1	1	+
chr1	52232967	52233317	Gls_1	1	-
chr1	52500143	52500493	Nab1_1	1	-
chr1	52630487	52630837	Nemp2_1	1	+
chr1	52727067	52727417	Mfsd6_1	1	-
chr1	52844797	52845147	Hibch_1	1	+
chr1	52963006	52963356	1700019D03Rik_2	1	-
chr1	53061389	53061739	Mstn_1	1	+
chr1	53187355	53187705	1700019A02Rik_1	1	-
chr1	53296860	53297210	Ormdl1_1	1	+
chr1	53352410	53352760	Asnsd1_1	1	-
chr1	53706545	53706895	Dnah7a_1	1	-
chr1	53776397	53776747	Stk17b_2	1	-
chr1	53784930	53785280	Stk17b_1	1	-
chr1	54194783	54195133	Hecw2_1	1	-
chr1	54250431	54250781	Ccdc150_1	1	+
chr1	54557376	54557726	AK051866_1	1	-
chr1	54557386	54557736	Pgap1_1	1	-
chr1	54681515	54681865	AK015376_1	1	+
chr1	54926093	54926443	Ankrd44_1	1	-
chr1	55027144	55027494	Sf3b1_1	1	-
chr1	55052600	55052950	Coq10b_1	1	+
chr1	55087585	55087935	Hspd1_1	1	-
chr1	55131036	55131386	Mob4_1	1	+
chr1	55147380	55147730	AK165532_1	1	+
chr1	55236967	55237317	Mars2_1	1	+
chr1	55362457	55362807	Boll_2	1	-
chr1	55363140	55363490	Boll_1	1	-
chr1	55444809	55445159	Akr1b3-1_1	1	-
chr1	56637223	56637573	Hsfy2_1	1	-
chr1	56971040	56971390	Satb2_1	1	-
chr1	56971218	56971568	9130024F11Rik_1	1	+
chr1	57377273	57377623	4930558J18Rik_1	1	-
chr1	57406433	57406783	Tyw5_1	1	-
chr1	57774644	57774994	Spats2l_1	1	+
chr1	57969828	57970178	Kctd18_1	1	-
chr1	57995800	57996150	Sgo2a_1	1	+
chr1	58112925	58113275	Aox3_1	1	+
chr1	58210200	58210550	Aox4_1	1	+
chr1	58278060	58278410	Aox2_1	1	+
chr1	58423771	58424121	Clk1_1	1	-
chr1	58445265	58445615	Nif3l1_2	1	+
chr1	58504676	58505026	Orc2_1	1	-
chr1	58504897	58505247	AK144771_1	1	+
chr1	58586032	58586382	Fam126b_1	1	-
chr1	58652341	58652691	Gm20257_1	1	+
chr1	58695709	58696059	Als2cr12_1	1	-
chr1	58711244	58711594	Cflar_2	1	+
chr1	58713043	58713393	Cflar_1	1	+
chr1	58725921	58726271	Cflar_3	1	+
chr1	58795171	58795521	Casp8_1	1	+
chr1	58973179	58973529	Trak2_1	1	-
chr1	58973315	58973665	Stradb_1	1	+
chr1	59119844	59120194	Tmem237_2	1	-
chr1	59150429	59150779	Mpp4_2	1	-
chr1	59230070	59230420	Als2_2	1	-
chr1	59236952	59237302	Als2_1	1	-
chr1	59298674	59299024	Cdk15_1	1	+
chr1	59481907	59482257	Fzd7_1	1	+
chr1	59548544	59548894	AK006768_1	1	-
chr1	59764028	59764378	Bmpr2_1	1	+
chr1	59912732	59913082	Fam117b_1	1	+
chr1	60180328	60180678	Nbeal1_1	1	+
chr1	60409432	60409782	Abi2_1	1	+
chr1	60566462	60566812	Raph1_1	1	-
chr1	60746159	60746509	Cd28_1	1	+
chr1	60778495	60778845	AK009383_1	1	+
chr1	60908842	60909192	Ctla4_1	1	+
chr1	60977663	60978013	Icos_1	1	+
chr1	61638583	61638933	Pard3b_1	1	+
chr1	61851242	61851592	AK015421_2	1	-
chr1	62703141	62703491	Nrp2_1	1	+
chr1	62768747	62769097	Nrp2_3	1	+
chr1	63114198	63114548	Ino80dos_1	1	+
chr1	63176878	63177228	Eef1b2_1	1	+
chr1	63214030	63214380	Gpr1_1	1	-
chr1	63272943	63273293	Zdbf2_1	1	+
chr1	63445684	63446034	Adam23_1	1	+
chr1	63730065	63730415	Mdh1b_1	1	-
chr1	63730374	63730724	Fastkd2_1	1	+
chr1	64121182	64121532	Klf7_1	1	-
chr1	64532597	64532947	Creb1_1	1	+
chr1	64534213	64534563	Creb1_2	1	+
chr1	64616951	64617301	Mettl21a_1	1	-
chr1	64690377	64690727	2810408I11Rik_1	1	-
chr1	64737497	64737847	Fzd5_1	1	-
chr1	64927834	64928184	Plekhm3_2	1	-
chr1	64928394	64928744	Plekhm3_3	1	-
chr1	64956488	64956838	Plekhm3_1	1	-
chr1	65032496	65032846	Akr1cl_1	1	-
chr1	65050898	65051248	Cryge_1	1	-
chr1	65063187	65063537	Crygd_1	1	-
chr1	65073281	65073631	Crygc_1	1	-
chr1	65082037	65082387	Crygb_1	1	-
chr1	65103122	65103472	Cryga_1	1	-
chr1	65178821	65179171	Idh1_1	1	-
chr1	65186169	65186519	Idh1_2	1	-
chr1	65186441	65186791	Pikfyve_1	1	+
chr1	65926271	65926621	Crygf_1	1	+
chr1	66175059	66175409	Map2_1	1	+
chr1	66321750	66322100	Map2_3	1	+
chr1	66386704	66387054	Map2_2	1	+
chr1	66700633	66700983	Rpe_1	1	+
chr1	66817292	66817642	Kansl1l_1	1	-
chr1	66863026	66863376	Acadl_1	1	-
chr1	66935097	66935447	Myl1_1	1	-
chr1	66944779	66945129	Myl1_2	1	-
chr1	67038591	67038941	Lancl1_1	1	-
chr1	67122776	67123126	Cps1_1	1	+
chr1	69107808	69108158	Erbb4_1	1	-
chr1	69685699	69686049	Ikzf2_1	1	-
chr1	69826743	69827093	Spag16_1	1	+
chr1	69951379	69951729	Spag16_3	1	+
chr1	70725574	70725924	Vwc2l_1	1	+
chr1	71102693	71103043	Bard1_1	1	-
chr1	71414641	71414991	Abca12_1	1	-
chr1	71556973	71557323	Atic_1	1	+
chr1	71652921	71653271	Fn1_1	1	-
chr1	71887810	71888160	Gm8883_1	1	+
chr1	72212008	72212358	Mreg_1	1	-
chr1	72284007	72284357	Pecr_1	1	-
chr1	72284144	72284494	Tmem169_1	1	+
chr1	72307176	72307526	Xrcc5_1	1	+
chr1	72307277	72307627	Xrcc5_2	1	+
chr1	72536344	72536694	March4_1	1	-
chr1	72583022	72583372	Smarcal1_1	1	+
chr1	72700319	72700669	Ankar_1	1	-
chr1	72711039	72711389	Rpl37a_1	1	+
chr1	72824241	72824591	Igfbp2_1	1	+
chr1	72874633	72874983	Igfbp5_1	1	-
chr1	73015641	73015991	Tnp1_1	1	-
chr1	73024360	73024710	1700027A15Rik_1	1	+
chr1	73928262	73928612	Tns1_3	1	-
chr1	73998212	73998562	Tns1_1	1	-
chr1	74124237	74124587	Tns1_2	1	-
chr1	74125296	74125646	Rufy4_1	1	+
chr1	74153743	74154093	Cxcr2_1	1	+
chr1	74284423	74284773	Aamp_1	1	-
chr1	74284807	74285157	Pnkd_1	1	+
chr1	74303926	74304276	Tmbim1_1	1	-
chr1	74304151	74304501	Tmbim1_2	1	-
chr1	74332409	74332759	Pnkd_2	1	+
chr1	74332412	74332762	AK158483_1	1	+
chr1	74374972	74375322	Slc11a1_1	1	+
chr1	74409140	74409490	Vil1_1	1	+
chr1	74505574	74505924	Usp37_1	1	-
chr1	74505809	74506159	Cnot9_1	1	+
chr1	74506100	74506450	Cnot9_2	1	+
chr1	74542642	74542992	Plcd4_1	1	+
chr1	74544100	74544450	Plcd4_2	1	+
chr1	74587882	74588232	Zfp142_2	1	-
chr1	74588112	74588462	Bcs1l_1	1	+
chr1	74601130	74601480	Rnf25_1	1	-
chr1	74661497	74661847	Ttll4_1	1	+
chr1	74713311	74713661	Cyp27a1_1	1	+
chr1	74748630	74748980	Prkag3_1	1	-
chr1	74771646	74771996	Wnt6_1	1	+
chr1	74854687	74855037	Cdk5r2_1	1	+
chr1	74892865	74893215	Cryba2_1	1	-
chr1	74951418	74951768	Ihh_1	1	-
chr1	75124939	75125289	Nhej1_1	1	-
chr1	75133650	75134000	Slc23a3_1	1	-
chr1	75141486	75141836	Cnppd1_2	1	-
chr1	75168395	75168745	Zfand2b_1	1	+
chr1	75168513	75168863	Zfand2b_2	1	+
chr1	75180141	75180491	Abcb6_1	1	-
chr1	75191691	75192041	Atg9a_1	1	-
chr1	75191938	75192288	Ankzf1_1	1	+
chr1	75210587	75210937	Stk16_1	1	+
chr1	75219002	75219352	Tuba4a_1	1	-
chr1	75236203	75236553	Dnajb2_1	1	+
chr1	75236521	75236871	Dnajb2_2	1	+
chr1	75278130	75278480	Resp18_1	1	-
chr1	75360078	75360428	Des_1	1	+
chr1	75374755	75375105	Gm15179_1	1	-
chr1	75375046	75375396	Speg_2	1	+
chr1	75399852	75400202	Speg_1	1	+
chr1	75435723	75436073	Gmppa_1	1	+
chr1	75450259	75450609	Asic4_1	1	+
chr1	75478865	75479215	Chpf_1	1	-
chr1	75479306	75479656	Tmem198_1	1	+
chr1	75506201	75506551	Obsl1_1	1	-
chr1	75506977	75507327	Inha_1	1	+
chr1	75521308	75521658	Stk11ip_1	1	+
chr1	75546045	75546395	Slc4a3_2	1	+
chr1	75546285	75546635	Slc4a3_3	1	+
chr1	77514836	77515186	Epha4_1	1	-
chr1	78196968	78197318	Pax3_1	1	-
chr1	78488608	78488958	Farsb_1	1	-
chr1	78511660	78512010	Mogat1_2	1	+
chr1	78657632	78657982	Acsl3_1	1	+
chr1	78658100	78658450	Utp14b_1	1	+
chr1	78816660	78817010	Kcne4_1	1	+
chr1	79439771	79440121	Scg2_1	1	-
chr1	79671701	79672051	Ap1s3_1	1	-
chr1	79858385	79858735	Serpine2_1	1	-
chr1	80213594	80213944	Fam124b_1	1	-
chr1	80340390	80340740	Cul3_1	1	-
chr1	80758273	80758623	Dock10_1	1	-
chr1	81077049	81077399	Nyap2_1	1	+
chr1	82290655	82291005	Irs1_2	1	-
chr1	82316340	82316690	Rhbdd1_1	1	+
chr1	82338858	82339208	Rhbdd1_3	1	+
chr1	82586578	82586928	Col4a4_1	1	-
chr1	82586680	82587030	Col4a3_1	1	+
chr1	82586935	82587285	Col4a3_2	1	+
chr1	82724667	82725017	Mff_1	1	+
chr1	82768205	82768555	Tm4sf20_1	1	-
chr1	82839209	82839559	Agfg1_1	1	+
chr1	83060681	83061031	Krtap28-13_1	1	+
chr1	83116516	83116866	Ccl20_1	1	+
chr1	83407858	83408208	Sphkap_1	1	-
chr1	84284350	84284700	Pid1_1	1	-
chr1	84340845	84341195	Pid1_2	1	-
chr1	84695528	84695878	Mir5126_1	1	+
chr1	84695577	84695927	Dner_2	1	-
chr1	84695945	84696295	Dner_1	1	-
chr1	84839098	84839448	Trip12_1	1	-
chr1	84840065	84840415	Trip12_2	1	-
chr1	84840263	84840613	Trip12_3	1	-
chr1	84934850	84935200	Slc16a14_1	1	-
chr1	85105622	85105972	AK087744_1	1	+
chr1	85109580	85109930	A530032D15Rik_1	1	-
chr1	85199345	85199695	Gm7609_1	1	+
chr1	85270324	85270674	C130026I21Rik_1	1	-
chr1	85598552	85598902	Sp110_1	1	-
chr1	85600385	85600735	Sp140_2	1	+
chr1	85600800	85601150	Sp140_1	1	+
chr1	85603640	85603990	Sp110_2	1	-
chr1	85649763	85650113	Sp100_1	1	+
chr1	85894318	85894668	Itm2c_1	1	+
chr1	85960806	85961156	Gpr55_1	1	-
chr1	86111669	86112019	Htr2b_1	1	-
chr1	86302983	86303333	B3gnt7_2	1	+
chr1	86303245	86303595	B3gnt7_1	1	+
chr1	86356076	86356426	Snord82_1	1	-
chr1	86359113	86359463	Ncl_1	1	-
chr1	86359418	86359768	C130036L24Rik_1	1	+
chr1	86389152	86389502	Nmur1_1	1	-
chr1	86426080	86426430	Tex44_1	1	+
chr1	86526470	86526820	Ptma_1	1	+
chr1	86582287	86582637	Pde6d_1	1	-
chr1	86586891	86587241	Cops7b_1	1	+
chr1	86670322	86670672	Nppc_1	1	-
chr1	86703568	86703918	Dis3l2_1	1	+
chr1	87101355	87101705	Alpi_1	1	-
chr1	87124703	87125053	Akp3_1	1	+
chr1	87155885	87156235	Ecel1_1	1	-
chr1	87183063	87183413	Prss56_1	1	+
chr1	87190384	87190734	Chrnd_1	1	+
chr1	87205560	87205910	Chrng_1	1	+
chr1	87213713	87214063	Eif4e2_1	1	+
chr1	87214085	87214435	Eif4e2_2	1	+
chr1	87264112	87264462	Efhd1_1	1	+
chr1	87326781	87327131	Gigyf2_1	1	+
chr1	87394477	87394827	Kcnj13_1	1	-
chr1	87404742	87405092	Gigyf2_3	1	+
chr1	87573592	87573942	Ngef_2	1	-
chr1	87573776	87574126	Neu2_1	1	+
chr1	87583804	87584154	Neu2_3	1	+
chr1	87594299	87594649	Neu2_2	1	+
chr1	87620125	87620475	Inpp5d_1	1	+
chr1	87803671	87804021	Sag_1	1	+
chr1	87853025	87853375	Dgkd_1	1	+
chr1	88008285	88008635	Usp40_1	1	-
chr1	88070540	88070890	Ugt1a9_1	1	+
chr1	88094861	88095211	Ugt1a7c_1	1	+
chr1	88102996	88103346	Ugt1a2_1	1	+
chr1	88134569	88134919	Ugt1a6a_1	1	+
chr1	88165772	88166122	Ugt1a5_1	1	+
chr1	88200363	88200713	Ugt1a2_2	1	+
chr1	88205434	88205784	Dnajb3_1	1	-
chr1	88211717	88212067	Ugt1a1_1	1	+
chr1	88226792	88227142	Mroh2a_1	1	+
chr1	88277306	88277656	Hjurp_1	1	-
chr1	88306484	88306834	Trpm8_1	1	+
chr1	88316917	88317267	Trpm8_2	1	+
chr1	88406843	88407193	Spp2_1	1	+
chr1	88551289	88551639	Gm19589_1	1	+
chr1	88701447	88701797	Arl4c_2	1	-
chr1	88701883	88702233	Arl4c_1	1	-
chr1	88754679	88755029	Platr5_1	1	+
chr1	89015878	89016228	1700067G17Rik_1	1	+
chr1	89070198	89070548	Sh3bp4_1	1	+
chr1	89454540	89454890	Agap1_1	1	+
chr1	89929980	89930330	AK036422_1	1	+
chr1	89930937	89931287	Gbx2_1	1	-
chr1	90153185	90153535	Iqca_1	1	-
chr1	90203755	90204105	Ackr3_1	1	+
chr1	90603248	90603598	Cops8_1	1	+
chr1	90843686	90844036	Col6a3_1	1	-
chr1	90914878	90915228	Mlph_1	1	+
chr1	90969372	90969722	Rab17_1	1	-
chr1	90998526	90998876	Lrrfip1_1	1	+
chr1	91053214	91053564	Lrrfip1_2	1	+
chr1	91144840	91145190	Rbm44_1	1	+
chr1	91179797	91180147	Ramp1_1	1	+
chr1	91298095	91298445	Scly_1	1	+
chr1	91350815	91351165	Klhl30_1	1	+
chr1	91350938	91351288	Klhl30_2	1	+
chr1	91398546	91398896	Ilkap_1	1	-
chr1	91405778	91406128	1700020N18Rik_1	1	-
chr1	91412969	91413319	Hes6_1	1	-
chr1	91459055	91459405	Per2_1	1	-
chr1	91494408	91494758	Traf3ip1_1	1	+
chr1	91540286	91540636	Asb1_1	1	+
chr1	91801219	91801569	Twist2_1	1	+
chr1	92180048	92180398	Hdac4_1	1	-
chr1	92464203	92464553	Mir6900_1	1	-
chr1	92473526	92473876	Ndufa10_1	1	-
chr1	92619536	92619886	Olfr12_1	1	+
chr1	92902641	92902991	Ankmy1_1	1	-
chr1	92906779	92907129	Dusp28_1	1	+
chr1	92934205	92934555	Capn10_1	1	+
chr1	92972868	92973218	Gpr35_1	1	+
chr1	93006112	93006462	Aqp12_1	1	+
chr1	93101611	93101961	Kif1a_1	1	-
chr1	93135067	93135417	Agxt_1	1	+
chr1	93160024	93160374	2310007B03Rik_1	1	-
chr1	93160697	93161047	2310007B03Rik_2	1	-
chr1	93168363	93168713	Crocc2_1	1	+
chr1	93235590	93235940	Sned1_1	1	+
chr1	93305618	93305968	Mterf4_1	1	-
chr1	93342538	93342888	Pask_1	1	-
chr1	93343255	93343605	Pask_2	1	-
chr1	93343402	93343752	Ppp1r7_1	1	+
chr1	93373568	93373918	Ano7_1	1	+
chr1	93445401	93445751	Hdlbp_1	1	-
chr1	93478564	93478914	Hdlbp_2	1	-
chr1	93478742	93479092	Sept2_1	1	+
chr1	93511861	93512211	Farp2_1	1	+
chr1	93521638	93521988	Farp2_2	1	+
chr1	93635416	93635766	Stk25_1	1	-
chr1	93685415	93685765	Bok_1	1	+
chr1	93731672	93732022	Thap4_2	1	-
chr1	93754772	93755122	Atg4b_1	1	+
chr1	93803724	93804074	Ing5_1	1	+
chr1	93824989	93825339	D2hgdh_1	1	+
chr1	93861093	93861443	Gal3st2_1	1	+
chr1	93996006	93996356	Gal3st2c_1	1	+
chr1	94020212	94020562	Neu4_1	1	+
chr1	94052315	94052665	Pdcd1_1	1	-
chr1	95313442	95313792	Fam174a_1	1	+
chr1	95667339	95667689	St8sia4_1	1	-
chr1	96870860	96871210	Panct2_1	1	+
chr1	97660776	97661126	D1Ertd622e_3	1	-
chr1	97661712	97662062	D1Ertd622e_1	1	-
chr1	97761383	97761733	Ppip5k2_2	1	-
chr1	97769928	97770278	Gin1_1	1	+
chr1	97976967	97977317	Pam_1	1	-
chr1	98047508	98047858	B230216N24Rik_1	1	-
chr1	98095362	98095712	Pam_2	1	-
chr1	100101188	100101538	Cntnap5b_1	1	+
chr1	101155542	101155892	Gm20268_1	1	+
chr1	105356419	105356769	Rnf152_1	1	-
chr1	105663399	105663749	Pign_1	1	-
chr1	105663636	105663986	2310035C23Rik_1	1	+
chr1	105780467	105780817	Tnfrsf11a_1	1	+
chr1	105990171	105990521	Zcchc2_1	1	+
chr1	106171184	106171534	Gm20753_1	1	-
chr1	106171655	106172005	Phlpp1_1	1	+
chr1	106713756	106714106	Bcl2_2	1	-
chr1	106714024	106714374	Bcl2_1	1	-
chr1	106759418	106759768	Kdsr_1	1	-
chr1	106796393	106796743	Vps4b_1	1	-
chr1	106934198	106934548	Serpinb12_2	1	+
chr1	106980730	106981080	Serpinb13_1	1	+
chr1	107052086	107052436	Serpinb3a_1	1	-
chr1	107160875	107161225	Serpinb3b_1	1	-
chr1	107278122	107278472	Serpinb3c_1	1	-
chr1	107362062	107362412	Serpinb11_1	1	+
chr1	107422438	107422788	Serpinb7_1	1	+
chr1	107511172	107511522	Serpinb2_1	1	+
chr1	107528790	107529140	Serpinb10_1	1	+
chr1	107589757	107590107	Serpinb8_1	1	+
chr1	109982019	109982369	Cdh7_2	1	+
chr1	109983047	109983397	Cdh7_1	1	+
chr1	110977123	110977473	Cdh19_1	1	-
chr1	111864667	111865017	Dsel_1	1	-
chr1	115684373	115684723	AK043174_1	1	-
chr1	118321621	118321971	Nifk_1	1	+
chr1	118459015	118459365	2900060B14Rik_1	1	-
chr1	118627696	118628046	Tfcp2l1_1	1	+
chr1	119053295	119053645	Gli2_1	1	-
chr1	119421956	119422306	Inhbb_1	1	-
chr1	119504374	119504724	Ralb_2	1	-
chr1	119504508	119504858	Ralb_1	1	-
chr1	119525892	119526242	KY467405_1	1	+
chr1	119525923	119526273	Tmem185b_1	1	+
chr1	119526133	119526483	AK053246_1	1	-
chr1	119648699	119649049	Epb41l5_1	1	-
chr1	119836875	119837225	Ptpn4_1	1	-
chr1	119912922	119913272	Tmem177_1	1	-
chr1	120006803	120007153	Sctr_1	1	+
chr1	120073511	120073861	Tmem37_1	1	-
chr1	120120766	120121116	Dbi_1	1	-
chr1	120120923	120121273	3110009E18Rik_1	1	+
chr1	120258627	120258977	Steap3_2	1	-
chr1	120270829	120271179	Steap3_3	1	-
chr1	121087154	121087504	Celrr_1	1	+
chr1	121321937	121322287	Insig2_2	1	-
chr1	121327507	121327857	Insig2_1	1	-
chr1	121430841	121431191	Ccdc93_1	1	+
chr1	121528239	121528589	Htr5b_1	1	-
chr1	124045302	124045652	Dpp10_1	1	-
chr1	124845786	124846136	AK043935_1	1	-
chr1	125435233	125435583	Actr3_1	1	-
chr1	125435422	125435772	Actr3_2	1	-
chr1	125560785	125561135	Slc35f5_1	1	+
chr1	125676737	125677087	Gpr39_1	1	+
chr1	126492693	126493043	Nckap5_1	1	-
chr1	127677511	127677861	Tmem163_1	1	-
chr1	127729161	127729511	Acmsd_1	1	+
chr1	127773769	127774119	2900009J06Rik_1	1	-
chr1	127773966	127774316	Ccnt2_1	1	+
chr1	127868541	127868891	Rab3gap1_1	1	+
chr1	128102779	128103129	Zranb3_2	1	-
chr1	128103095	128103445	R3hdm1_1	1	+
chr1	128141707	128142057	R3hdm1_2	1	+
chr1	128202177	128202527	Mir128-1_1	1	+
chr1	128243899	128244249	Ubxn4_1	1	+
chr1	128359403	128359753	Mcm6_1	1	-
chr1	128417075	128417425	Dars_1	1	-
chr1	128592048	128592398	Cxcr4_1	1	-
chr1	130448476	130448826	Cd55_2	1	-
chr1	130462465	130462815	Cd55_1	1	-
chr1	130629370	130629720	Zp3r_1	1	-
chr1	130715553	130715903	Pfkfb2_1	1	-
chr1	130717076	130717426	Yod1_1	1	+
chr1	130731719	130732069	AA986860_1	1	+
chr1	130731876	130732226	AA986860_2	1	+
chr1	130826460	130826810	Pigr_1	1	+
chr1	130834154	130834504	Pigr_2	1	+
chr1	130865546	130865896	Fcmr_1	1	+
chr1	130887165	130887515	Il24_1	1	-
chr1	130939850	130940200	Il19_1	1	-
chr1	131019596	131019946	Il10_1	1	+
chr1	131097583	131097933	Mapkapk2_1	1	-
chr1	131138003	131138353	Dyrk3_1	1	-
chr1	131152945	131153295	Eif2d_1	1	+
chr1	131199864	131200214	Rassf5_2	1	-
chr1	131244927	131245277	Rassf5_1	1	-
chr1	131276669	131277019	Ikbke_2	1	-
chr1	131525282	131525632	Srgap2_2	1	-
chr1	131527066	131527416	Srgap2_1	1	-
chr1	131527738	131528088	Fam72a_1	1	+
chr1	131598943	131599293	Avpr1b_1	1	+
chr1	131638081	131638431	Ctse_1	1	+
chr1	131661660	131662010	Ctse_2	1	+
chr1	131688526	131688876	Rab7b_1	1	+
chr1	131743771	131744121	Slc26a9_1	1	+
chr1	131750262	131750612	Slc26a9_2	1	+
chr1	131797150	131797500	Pm20d1_1	1	+
chr1	131827761	131828111	Slc41a1_1	1	+
chr1	131867270	131867620	Rab29_1	1	+
chr1	131910279	131910629	Nucks1_1	1	+
chr1	131962743	131963093	Slc45a3_1	1	+
chr1	131970310	131970660	Slc45a3_2	1	+
chr1	132007369	132007719	Elk4_1	1	+
chr1	132041705	132042055	Mfsd4a_2	1	-
chr1	132067682	132068032	Mfsd4a_1	1	-
chr1	132139433	132139783	Cdk18_1	1	-
chr1	132191134	132191484	Lemd1_2	1	+
chr1	132195443	132195793	Lemd1_1	1	+
chr1	132226083	132226433	Lemd1_3	1	+
chr1	132315886	132316236	Nuak2_1	1	+
chr1	132341812	132342162	AK155877_1	1	+
chr1	132367636	132367986	Tmcc2_1	1	-
chr1	132390091	132390441	Tmcc2_2	1	-
chr1	132417196	132417546	Dstyk_2	1	+
chr1	132417330	132417680	Dstyk_1	1	+
chr1	132506002	132506352	Tmem81_1	1	+
chr1	132542620	132542970	Cntn2_1	1	-
chr1	132880104	132880454	Lrrn2_1	1	+
chr1	133019187	133019537	Mdm4_2	1	-
chr1	133131026	133131376	Ppp1r15b_1	1	+
chr1	133245846	133246196	Plekha6_1	1	+
chr1	133255454	133255804	Plekha6_2	1	+
chr1	133291824	133292174	AK020645_1	1	+
chr1	133323715	133324065	Kiss1_1	1	+
chr1	133350425	133350775	Ren1_1	1	+
chr1	133363319	133363669	Etnk2_2	1	+
chr1	133365057	133365407	Etnk2_1	1	+
chr1	133422454	133422804	Sox13_1	1	-
chr1	133800453	133800803	Atp2b4_1	1	-
chr1	133907759	133908109	Optc_1	1	-
chr1	133921134	133921484	Prelp_1	1	-
chr1	134037247	134037597	Fmod_1	1	+
chr1	134078866	134079216	Btg2_1	1	-
chr1	134110991	134111341	Chit1_1	1	+
chr1	134182216	134182566	Chil1_1	1	+
chr1	134193188	134193538	Mybph_1	1	+
chr1	134289756	134290106	Myog_1	1	+
chr1	134361702	134362052	Tmem183a_1	1	-
chr1	134385689	134386039	4933406M09Rik_1	1	+
chr1	134405744	134406094	Cyb5r1_1	1	+
chr1	134415219	134415569	Adipor1_1	1	+
chr1	134415522	134415872	Adipor1_2	1	+
chr1	134468643	134468993	AK163755_1	1	+
chr1	134549417	134549767	Mgat4e_1	1	-
chr1	134559975	134560325	Kdm5b_1	1	+
chr1	134646426	134646776	Syt2_3	1	+
chr1	134672209	134672559	Syt2_2	1	+
chr1	134803470	134803820	Ppp1r12b_2	1	-
chr1	134955674	134956024	Ppp1r12b_1	1	-
chr1	134962345	134962695	Ube2t_1	1	+
chr1	135105092	135105442	Lgr6_1	1	-
chr1	135132325	135132675	Ptprv_1	1	-
chr1	135132460	135132810	Ptpn7_1	1	+
chr1	135167295	135167645	Gpr37l1_1	1	-
chr1	135258206	135258556	Elf3_1	1	-
chr1	135283772	135284122	Rnpep_1	1	-
chr1	135313486	135313836	Timm17a_1	1	-
chr1	135324562	135324912	Lmod1_1	1	+
chr1	135374823	135375173	Shisa4_1	1	-
chr1	135430185	135430535	Ipo9_1	1	-
chr1	135461027	135461377	Nav1_3	1	-
chr1	135510148	135510498	Nav1_1	1	-
chr1	135585072	135585422	Nav1_2	1	-
chr1	135606978	135607328	Nav1_4	1	-
chr1	135687854	135688204	AK158038_1	1	-
chr1	135728972	135729322	Csrp1_1	1	+
chr1	135765911	135766261	Phlda3_1	1	+
chr1	135799190	135799540	Tnni1_1	1	+
chr1	135818442	135818792	Lad1_1	1	+
chr1	135818571	135818921	Lad1_2	1	+
chr1	135836139	135836489	Tnnt2_1	1	+
chr1	135845156	135845506	Tnnt2_2	1	+
chr1	135918955	135919305	Pkp1_1	1	-
chr1	136010094	136010444	Tmem9_2	1	+
chr1	136017786	136018136	Tmem9_1	1	+
chr1	136050526	136050876	Ascl5_1	1	+
chr1	136130931	136131281	Gm15850_1	1	-
chr1	136131139	136131489	Kif21b_1	1	+
chr1	136260675	136261025	Gpr25_1	1	-
chr1	136345831	136346181	Camsap2_1	1	-
chr1	136415065	136415415	Ddx59_1	1	+
chr1	136415268	136415618	9230116N13Rik_1	1	-
chr1	136624688	136625038	Zfp281_1	1	+
chr1	136683416	136683766	Gm19705_2	1	+
chr1	136695953	136696303	Platr22_1	1	+
chr1	136949237	136949587	Nr5a2_2	1	-
chr1	136953353	136953703	Nr5a2_1	1	-
chr1	137966281	137966631	Mir181a-1_1	1	+
chr1	138175048	138175398	Ptprc_1	1	-
chr1	138273487	138273837	Atp6v1g3_1	1	+
chr1	138609232	138609582	Nek7_2	1	-
chr1	138842193	138842543	Lhx9_1	1	-
chr1	138856575	138856925	2310009B15Rik_1	1	-
chr1	138963527	138963877	Dennd1b_1	1	+
chr1	139379201	139379551	4933436E23Rik_1	1	+
chr1	139454622	139454972	Aspm_1	1	+
chr1	139559971	139560321	Cfhr1_1	1	-
chr1	139631704	139632054	AK015277_1	1	-
chr1	139781006	139781356	Gm4788_1	1	-
chr1	139858438	139858788	Cfhr2_1	1	-
chr1	140183050	140183400	Cfh_1	1	-
chr1	143640486	143640836	B3galt2_1	1	+
chr1	143702561	143702911	Cdc73_1	1	-
chr1	143776745	143777095	Trove2_1	1	-
chr1	144003898	144004248	Rgs2_1	1	-
chr1	144248808	144249158	Rgs1_1	1	-
chr1	144775176	144775526	Rgs18_1	1	-
chr1	146495416	146495766	Brinp3_2	1	+
chr1	146497433	146497783	Brinp3_1	1	+
chr1	149922105	149922455	Pla2g4a_2	1	-
chr1	150099849	150100199	Ptgs2_1	1	+
chr1	150164659	150165009	Ptgs2os2_1	1	-
chr1	150319176	150319526	Pdc_1	1	+
chr1	150392499	150392849	BC003331_1	1	-
chr1	150392581	150392931	Tpr_2	1	+
chr1	150465914	150466264	Prg4_1	1	-
chr1	150993184	150993534	Hmcn1_1	1	-
chr1	151344297	151344647	Ivns1abp_1	1	+
chr1	151428137	151428487	Swt1_1	1	-
chr1	151428397	151428747	Trmt1l_1	1	+
chr1	151500560	151500910	Rnf2_1	1	-
chr1	151571213	151571563	Fam129a_1	1	+
chr1	151754770	151755120	2810414N06Rik_1	1	-
chr1	151755102	151755452	Edem3_1	1	+
chr1	151854703	151855053	1700025G04Rik_2	1	-
chr1	152090032	152090382	1700025G04Rik_1	1	-
chr1	152386385	152386735	Tsen15_1	1	-
chr1	152766400	152766750	Arpc5_1	1	+
chr1	152768654	152769004	Arpc5_2	1	+
chr1	152807678	152808028	Ncf2_1	1	+
chr1	152902394	152902744	Smg7_1	1	-
chr1	153185796	153186146	Lamc2_1	1	-
chr1	153332491	153332841	Lamc1_1	1	-
chr1	153407536	153407886	E330020D12Rik_2	1	-
chr1	153413980	153414330	E330020D12Rik_1	1	-
chr1	153424921	153425271	Shcbp1l_1	1	+
chr1	153487400	153487750	Dhx9_1	1	-
chr1	153545097	153545447	Npl_2	1	-
chr1	153549462	153549812	Npl_1	1	-
chr1	153652918	153653268	Rgs8_1	1	+
chr1	153740102	153740452	Rgs16_1	1	+
chr1	153750986	153751336	Rnasel_4	1	+
chr1	153752609	153752959	Rnasel_3	1	+
chr1	153850944	153851294	Teddm2_1	1	-
chr1	153874094	153874444	Teddm1b_1	1	+
chr1	153891488	153891838	Teddm1a_1	1	+
chr1	153899695	153900045	Glul_1	1	+
chr1	153899954	153900304	AK044033_1	1	-
chr1	153900334	153900684	Glul_2	1	+
chr1	154115931	154116281	AK043564_1	1	-
chr1	154117601	154117951	AK154552_1	1	-
chr1	154200936	154201286	Zfp648_1	1	+
chr1	155083010	155083360	Gm9530_1	1	-
chr1	155099381	155099731	Ier5_1	1	-
chr1	155146553	155146903	Mr1_1	1	-
chr1	155158491	155158841	Stx6_1	1	+
chr1	155179526	155179876	Stx6_3	1	+
chr1	155417152	155417502	Xpr1_1	1	-
chr1	155526927	155527277	Gm5532_1	1	-
chr1	155558143	155558493	Acbd6_2	1	+
chr1	155812585	155812935	Qsox1_1	1	-
chr1	155972932	155973282	Cep350_1	1	-
chr1	156034523	156034873	Tor1aip1_3	1	-
chr1	156035793	156036143	Tor1aip1_2	1	-
chr1	156036194	156036544	Tor1aip1_1	1	-
chr1	156040642	156040992	Tor1aip2_1	1	+
chr1	156043999	156044349	Tor1aip2_2	1	+
chr1	156204771	156205121	Fam163a_1	1	-
chr1	156310476	156310826	Nphs2_1	1	+
chr1	156473989	156474339	Soat1_1	1	-
chr1	156558544	156558894	Abl2_1	1	+
chr1	156674085	156674435	Tor3a_1	1	-
chr1	156718709	156719059	Fam20b_1	1	-
chr1	156838674	156839024	Angptl1_1	1	+
chr1	156938567	156938917	Ralgps2_2	1	-
chr1	156939355	156939705	Ralgps2_1	1	-
chr1	157412131	157412481	2810025M15Rik_2	1	+
chr1	157412283	157412633	Rasal2_1	1	-
chr1	157412511	157412861	2810025M15Rik_1	1	+
chr1	157458324	157458674	Cryzl2_1	1	+
chr1	157506515	157506865	Sec16b_1	1	+
chr1	157508896	157509246	Sec16b_3	1	+
chr1	157525896	157526246	Sec16b_2	1	+
chr1	158355910	158356260	Brinp2_2	1	-
chr1	158356019	158356369	Brinp2_1	1	-
chr1	158362301	158362651	Astn1_2	1	+
chr1	158980210	158980560	1600012P17Rik_1	1	-
chr1	159232060	159232410	Cop1_1	1	+
chr1	159523590	159523940	Tnr_1	1	+
chr1	159797813	159798163	Tnr_2	1	+
chr1	160044328	160044678	4930523C07Rik_2	1	+
chr1	160153328	160153678	Tnn_1	1	-
chr1	160195009	160195359	Mrps14_1	1	+
chr1	160212568	160212918	Cacybp_1	1	-
chr1	160308843	160309193	Rabgap1l_2	1	-
chr1	160792599	160792949	Rabgap1l_1	1	-
chr1	160906160	160906510	Rc3h1_1	1	+
chr1	160987261	160987611	Serpinc1_1	1	+
chr1	161034552	161034902	Zbtb37_1	1	-
chr1	161034915	161035265	Gas5_1	1	+
chr1	161070585	161070935	Cenpl_2	1	+
chr1	161131200	161131550	Klhl20_1	1	-
chr1	161250915	161251265	Prdx6_1	1	-
chr1	161395186	161395536	Tnfsf4_1	1	+
chr1	161494404	161494754	Tnfsf18_1	1	+
chr1	161788118	161788468	Fasl_2	1	-
chr1	161788227	161788577	Fasl_1	1	-
chr1	161876412	161876762	Suco_1	1	-
chr1	161979422	161979772	4930558K02Rik_1	1	-
chr1	162134476	162134826	Dnm3_2	1	-
chr1	162477743	162478093	Dnm3_1	1	-
chr1	162638904	162639254	Myoc_1	1	+
chr1	162813421	162813771	Fmo4_1	1	-
chr1	162859313	162859663	Fmo1_2	1	-
chr1	162859676	162860026	Fmo1_1	1	-
chr1	162886228	162886578	Fmo2_2	1	-
chr1	162898469	162898819	Fmo2_1	1	-
chr1	162937280	162937630	Fmo6_1	1	-
chr1	162984276	162984626	Fmo3_1	1	-
chr1	163313417	163313767	Prrx1_1	1	-
chr1	163403382	163403732	Gorab_1	1	-
chr1	163779395	163779745	Kifap3_1	1	+
chr1	163994638	163994988	Mettl18_1	1	+
chr1	164047964	164048314	Sele_1	1	+
chr1	164061834	164062184	Sell_1	1	+
chr1	164115111	164115461	Selp_1	1	+
chr1	164152041	164152391	Gm16548_1	1	-
chr1	164248824	164249174	Slc19a2_1	1	+
chr1	164275362	164275712	Ccdc181_1	1	+
chr1	164307220	164307570	Blzf1_1	1	-
chr1	164307475	164307825	Nme7_1	1	+
chr1	164457754	164458104	Atp1b1_2	1	-
chr1	164458105	164458455	Atp1b1_1	1	-
chr1	164862905	164863255	Gm20743_1	1	+
chr1	164935274	164935624	Xcl1_1	1	-
chr1	165091654	165092004	4930568G15Rik_1	1	-
chr1	165160429	165160779	Tbx19_1	1	-
chr1	165194091	165194441	Sft2d2_1	1	-
chr1	165236686	165237036	Tiprl_1	1	-
chr1	165460201	165460551	Dcaf6_1	1	-
chr1	165460357	165460707	AK008044_1	1	+
chr1	165461009	165461359	Mpc2_1	1	+
chr1	165484938	165485288	Adcy10_1	1	+
chr1	165634279	165634629	Mpzl1_1	1	-
chr1	165707813	165708163	Rcsd1_1	1	-
chr1	165763513	165763863	Creg1_1	1	+
chr1	166002378	166002728	Pou2f1_1	1	-
chr1	166002788	166003138	KY467518_1	1	+
chr1	166127647	166127997	Dusp27_1	1	-
chr1	166130197	166130547	Gpa33_1	1	+
chr1	166238489	166238839	Mael_1	1	-
chr1	166253949	166254299	Ildr2_1	1	+
chr1	166378949	166379299	Tada1_1	1	+
chr1	166678602	166678952	Fmo9_2	1	-
chr1	166681594	166681944	Fmo9_1	1	-
chr1	167001212	167001562	Fam78b_1	1	+
chr1	167284807	167285157	Uck2_1	1	-
chr1	167308502	167308852	Tmco1_1	1	+
chr1	167349756	167350106	Aldh9a1_2	1	+
chr1	167349974	167350324	Aldh9a1_1	1	+
chr1	167598120	167598470	Rxrg_1	1	+
chr1	167618029	167618379	Rxrg_2	1	+
chr1	167689307	167689657	Lmx1a_1	1	+
chr1	168431616	168431966	Pbx1_2	1	-
chr1	168431899	168432249	Pbx1_1	1	-
chr1	169531157	169531507	Nuf2_1	1	-
chr1	169655250	169655600	Rgs5_1	1	+
chr1	169747391	169747741	Rgs4_1	1	-
chr1	169929630	169929980	Ccdc190_1	1	+
chr1	169968909	169969259	Hsd17b7_1	1	-
chr1	169969183	169969533	3110045C21Rik_1	1	+
chr1	170110253	170110603	Ddr2_1	1	-
chr1	170110521	170110871	AK198669_1	1	-
chr1	170174538	170174888	Uap1_2	1	-
chr1	170174695	170175045	Uap1_1	1	-
chr1	170215156	170215506	Uhmk1_1	1	-
chr1	170589551	170589901	Nos1ap_1	1	-
chr1	170644281	170644631	Olfml2b_1	1	+
chr1	170885211	170885561	Dusp12_1	1	-
chr1	170925407	170925757	Fcrla_1	1	-
chr1	170975809	170976159	Fcgr2b_1	1	-
chr1	171018707	171019057	Fcgr4_1	1	+
chr1	171059111	171059461	Fcgr3_1	1	-
chr1	171121410	171121760	Cfap126_2	1	+
chr1	171122901	171123251	Cfap126_1	1	+
chr1	171150352	171150702	Sdhc_1	1	-
chr1	171155269	171155619	Mpz_1	1	+
chr1	171195986	171196336	Pcp4l1_1	1	-
chr1	171213770	171214120	Nr1i3_1	1	+
chr1	171222197	171222547	Tomm40l_1	1	-
chr1	171224841	171225191	Apoa2_1	1	+
chr1	171234056	171234406	Fcer1g_1	1	-
chr1	171246856	171247206	Ndufs2_1	1	-
chr1	171250175	171250525	Adamts4_1	1	+
chr1	171280687	171281037	Ppox_2	1	-
chr1	171287689	171288039	Usp21_1	1	-
chr1	171294696	171295046	Ufc1_2	1	-
chr1	171345390	171345740	Nit1_1	1	-
chr1	171345448	171345798	Pfdn2_1	1	+
chr1	171369831	171370181	Nectin4_1	1	+
chr1	171370145	171370495	Nectin4_2	1	+
chr1	171388719	171389069	Arhgap30_1	1	+
chr1	171411062	171411412	Usf1_1	1	+
chr1	171418835	171419185	Tstd1_1	1	+
chr1	171437327	171437677	F11r_1	1	+
chr1	171503393	171503743	Alyref2_2	1	+
chr1	171535041	171535391	Itln1_1	1	-
chr1	171558942	171559292	Cd244_1	1	+
chr1	171648722	171649072	Slamf7_1	1	-
chr1	171766880	171767230	Slamf1_1	1	+
chr1	171839474	171839824	Cd84_1	1	+
chr1	171917211	171917561	Slamf6_1	1	+
chr1	172027035	172027385	Vangl2_1	1	-
chr1	172057345	172057695	Nhlh1_1	1	-
chr1	172082267	172082617	Copa_2	1	+
chr1	172082577	172082927	Copa_1	1	+
chr1	172126522	172126872	Pex19_1	1	+
chr1	172147915	172148265	Dcaf8_1	1	+
chr1	172206457	172206807	Pea15a_1	1	-
chr1	172219612	172219962	Casq1_1	1	-
chr1	172258165	172258515	Atp1a4_1	1	-
chr1	172297748	172298098	Atp1a2_1	1	-
chr1	172312136	172312486	Igsf8_1	1	+
chr1	172329050	172329400	Kcnj9_1	1	-
chr1	172340957	172341307	Kcnj10_1	1	+
chr1	172341088	172341438	Kcnj10_2	1	+
chr1	172376305	172376655	Pigm_1	1	+
chr1	172475144	172475494	Slamf9_1	1	+
chr1	172481969	172482319	Igsf9_1	1	+
chr1	172500028	172500378	Tagln2_1	1	+
chr1	172520879	172521229	Cfap45_1	1	+
chr1	172555687	172556037	Vsig8_1	1	+
chr1	172557885	172558235	KY467523_1	1	-
chr1	172602274	172602624	Fcrl6_1	1	-
chr1	172632686	172633036	Dusp23_1	1	-
chr1	172697805	172698155	Crp_1	1	+
chr1	172894698	172895048	Apcs_1	1	-
chr1	172894804	172895154	Apcs_2	1	-
chr1	173277525	173277875	Mptx2_1	1	-
chr1	173333261	173333611	Ackr1_1	1	-
chr1	173367397	173367747	Cadm3_1	1	-
chr1	173420361	173420711	Aim2_1	1	+
chr1	173599026	173599376	Ifi213_1	1	-
chr1	173630613	173630963	Ifi209_1	1	+
chr1	173673424	173673774	Ifi208_1	1	+
chr1	173741513	173741863	Ifi207_1	1	-
chr1	173766698	173767048	Ifi204_1	1	-
chr1	173879936	173880286	Mndal_1	1	-
chr1	173912663	173913013	Ifi211_1	1	-
chr1	173912786	173913136	Ifi211_2	1	-
chr1	173941928	173942278	Ifi203_2	1	-
chr1	173942511	173942861	Ifi203_3	1	-
chr1	174031592	174031942	Ifi202b_1	1	-
chr1	174330268	174330618	Mptx1_1	1	+
chr1	174501587	174501937	Fmn2_1	1	+
chr1	174623976	174624326	Fmn2_2	1	+
chr1	174921569	174921919	Grem2_1	1	-
chr1	175492271	175492621	Rgs7_1	1	-
chr1	175625342	175625692	Fh1_1	1	-
chr1	175631927	175632277	Kmo_1	1	+
chr1	175692381	175692731	Opn3_1	1	-
chr1	175698342	175698692	Wdr64_1	1	+
chr1	175880547	175880897	Exo1_1	1	+
chr1	176275014	176275364	Pld5_1	1	-
chr1	177642629	177642979	2310043L19Rik_1	1	-
chr1	177796239	177796589	Adss_1	1	-
chr1	177983182	177983532	Gm16432_1	1	+
chr1	178187447	178187797	Desi2_1	1	+
chr1	178328935	178329285	Hnrnpu_2	1	-
chr1	178337534	178337884	Hnrnpu_1	1	-
chr1	178528874	178529224	Kif26b_1	1	+
chr1	179517762	179518112	Smyd3_1	1	-
chr1	179546003	179546353	Tfb2m_1	1	-
chr1	179546259	179546609	Cnst_1	1	+
chr1	179668094	179668444	Sccpdh_2	1	+
chr1	180193235	180193585	Coq8a_2	1	-
chr1	180195710	180196060	Coq8a_1	1	-
chr1	180229715	180230065	Psen2_2	1	-
chr1	180245682	180246032	Psen2_3	1	-
chr1	180256000	180256350	Psen2_1	1	-
chr1	180328004	180328354	Gm5069_1	1	-
chr1	180330276	180330626	Itpkb_1	1	+
chr1	180333646	180333996	AK050506_1	1	+
chr1	180483176	180483526	Stum_1	1	-
chr1	180568670	180569020	Parp1_1	1	+
chr1	180696717	180697067	Mixl1_1	1	-
chr1	180725803	180726153	Acbd3_1	1	+
chr1	180813310	180813660	H3f3a_1	1	-
chr1	180850915	180851265	Sde2_1	1	+
chr1	180892857	180893207	Lefty2_1	1	+
chr1	180904042	180904392	Pycr2_1	1	+
chr1	180934789	180935139	Lefty1_1	1	+
chr1	180942209	180942559	Tmem63a_1	1	+
chr1	181017257	181017607	Ephx1_1	1	-
chr1	181051006	181051356	9130409I23Rik_1	1	+
chr1	181143906	181144256	Nvl_1	1	-
chr1	181211701	181212051	Wdr26_1	1	-
chr1	181352406	181352756	Cnih3_1	1	+
chr1	181738757	181739107	Dnah14_1	1	+
chr1	181842101	181842451	Lbr_1	1	-
chr1	182019700	182020050	Enah_1	1	-
chr1	182124538	182124888	Srp9_1	1	+
chr1	182282521	182282871	Degs1_1	1	-
chr1	182341349	182341699	Fbxo28_1	1	-
chr1	182408921	182409271	Trp53bp2_1	1	+
chr1	182483982	182484332	AK039110_1	1	+
chr1	182517206	182517556	Capn2_1	1	-
chr1	182564752	182565102	Capn8_1	1	+
chr1	182748930	182749280	Ccdc185_1	1	-
chr1	182764753	182765103	Susd4_1	1	+
chr1	183147280	183147630	Disp1_2	1	-
chr1	183221186	183221536	Disp1_1	1	-
chr1	183296757	183297107	Brox_1	1	-
chr1	183369302	183369652	Mia3_1	1	-
chr1	183388734	183389084	Taf1a_1	1	+
chr1	183418209	183418559	Hhipl2_1	1	+
chr1	184033765	184034115	1700056E22Rik_1	1	-
chr1	184034209	184034559	Dusp10_1	1	+
chr1	184732289	184732639	Hlx_1	1	-
chr1	184845596	184845946	Marc2_1	1	-
chr1	184882756	184883106	C130074G19Rik_1	1	-
chr1	185331929	185332279	Bpnt1_1	1	+
chr1	185362833	185363183	Eprs_1	1	+
chr1	185441478	185441828	9630028B13Rik_1	1	-
chr1	185451363	185451713	Gm2061_1	1	-
chr1	185454674	185455024	Slc30a10_1	1	+
chr1	186117013	186117363	Lyplal1_1	1	-
chr1	186705023	186705373	Tgfb2_2	1	-
chr1	186705738	186706088	Tgfb2_1	1	-
chr1	186749074	186749424	Rrp15_1	1	-
chr1	186967188	186967538	D1Pas1_2	1	+
chr1	186967422	186967772	D1Pas1_1	1	+
chr1	187124886	187125236	1700007P06Rik_1	1	+
chr1	187947826	187948176	Esrrg_2	1	+
chr1	187997616	187997966	Esrrg_1	1	+
chr1	188261772	188262122	Ush2a_1	1	+
chr1	189007589	189007939	Kctd3_1	1	-
chr1	189687830	189688180	Cenpf_1	1	-
chr1	189922046	189922396	Smyd2_1	1	-
chr1	190170430	190170780	Prox1_1	1	-
chr1	190928289	190928639	Angel2_1	1	+
chr1	190928599	190928949	Angel2_2	1	+
chr1	190978734	190979084	Vash2_2	1	-
chr1	190978953	190979303	Vash2_1	1	-
chr1	191025937	191026287	Flvcr1_1	1	-
chr1	191036568	191036918	Spata45_1	1	+
chr1	191062653	191063003	Tatdn3_1	1	-
chr1	191062772	191063122	Nsl1_1	1	+
chr1	191097629	191097979	Batf3_1	1	+
chr1	191098166	191098516	Batf3_2	1	+
chr1	191164566	191164916	Fam71a_1	1	-
chr1	191183001	191183351	Atf3_1	1	-
chr1	191217689	191218039	Atf3_2	1	-
chr1	191224202	191224552	D730003I15Rik_1	1	+
chr1	191396782	191397132	Ppp2r5a_1	1	-
chr1	191575261	191575611	Dtl_1	1	-
chr1	191718170	191718520	Lpgat1_1	1	+
chr1	191821263	191821613	Nek2_1	1	+
chr1	191906564	191906914	Slc30a1_1	1	+
chr1	191907345	191907695	1700034H15Rik_1	1	-
chr1	191977187	191977537	Rd3_1	1	+
chr1	191978003	191978353	Rd3_2	1	+
chr1	192092298	192092648	Traf5_1	1	-
chr1	192136693	192137043	Gm10516_1	1	+
chr1	192137759	192138109	Rcor3_1	1	-
chr1	192190552	192190902	Kcnh1_1	1	+
chr1	192770987	192771337	Hhat_1	1	-
chr1	192855456	192855806	Sertad4_1	1	-
chr1	193035434	193035784	Syt14_1	1	-
chr1	193129985	193130335	Diexf_1	1	-
chr1	193152899	193153249	Irf6_1	1	+
chr1	193173334	193173684	A130010J15Rik_1	1	+
chr1	193201222	193201572	Traf3ip3_1	1	-
chr1	193207467	193207817	AK005414_1	1	+
chr1	193241264	193241614	Hsd11b1_3	1	-
chr1	193242106	193242456	Hsd11b1_1	1	-
chr1	193263786	193264136	Hsd11b1_2	1	-
chr1	193272858	193273208	G0s2_1	1	-
chr1	193301824	193302174	Lamb3_1	1	+
chr1	193369991	193370341	Camk1g_1	1	-
chr1	194619575	194619925	Plxna2_1	1	+
chr1	194938626	194938976	Cd34_1	1	+
chr1	194938693	194939043	AK158452_1	1	+
chr1	195091997	195092347	Cd46_1	1	-
chr1	195131096	195131446	Cr1l_2	1	-
chr1	195131309	195131659	Cr1l_1	1	-
chr1	195151291	195151641	Cr2_1	1	-
chr1	195176468	195176818	Cr2_2	1	-
